0.0	Dezoito horas. Um cliente chama no uótsápi!
2.5	Quem responde é a i á.
4.2	Ela entende o que ele procura,
6.8	faz as perguntas certas,
9.4	e qualifica o cliente sozinha!
12.2	Consulta o catálogo da loja,
15.2	e envia foto e vídeo,
18.2	do produto certo!
21.2	Cliente decidido?
23.5	O vendedor recebe o resumo pronto.
26.4	Com todos os clientes, ao mesmo tempo!
29.7	Seu vendedor só entra,
31.8	para fechar a venda!
33.7	Ideal Automações!
36.2	Quer um agente desses na sua empresa?
38.8	Siga arroba ideal ponto automações!
